<application>
  <component name="MaterialThemeConfig">
    <option name="tabFontSizeEnabled" value="true" />
    <option name="treeFontSizeEnabled" value="true" />
    <option name="isTreeFontSizeEnabled" value="true" />
    <option name="isTabFontSizeEnabled" value="true" />
    <option name="accentColor" value="009688" />
    <option name="secondAccentColor" />
    <option name="highlightColor" />
    <option name="userId" value="2237d778:18ea2c0db54:-8000" />
    <option name="version" value="8.13.2" />
  </component>
</application>