<application>
  <component name="ProjectManager">
    <defaultProject>
      <component name="Encoding" addBOMForNewFiles="with BOM under Windows, with no BOM otherwise" />
      <component name="MaterialThemeProjectNewConfig">
        <option name="metadata">
          <MTProjectMetadataState>
            <option name="migrated" value="true" />
            <option name="pristineConfig" value="false" />
            <option name="userId" value="2237d778:18ea2c0db54:-8000" />
            <option name="version" value="8.13.2" />
          </MTProjectMetadataState>
        </option>
      </component>
    </defaultProject>
  </component>
</application>