<application>
  <component name="DimensionService">
    <location key="find.popup.1920.58.1080.1920" x="2021" y="230" />
    <location key="find.popup.0.0.1920.1080" x="180" y="95" />
    <size key="GridCell.Tab.0.left.1920.58.1080.1920" width="1014" height="572" />
    <size key="GridCell.Tab.0.center.1920.58.1080.1920" width="1014" height="572" />
    <size key="GridCell.Tab.0.right.1920.58.1080.1920" width="1014" height="572" />
    <size key="GridCell.Tab.0.bottom.1920.58.1080.1920" width="1014" height="572" />
    <size key="GridCell.Tab.1.left.1920.58.1080.1920" width="1014" height="572" />
    <size key="GridCell.Tab.1.center.1920.58.1080.1920" width="1014" height="572" />
    <size key="GridCell.Tab.1.right.1920.58.1080.1920" width="1014" height="572" />
    <size key="GridCell.Tab.1.bottom.1920.58.1080.1920" width="1014" height="572" />
    <size key="GridCell.Tab.2.left.1920.58.1080.1920" width="1014" height="572" />
    <size key="GridCell.Tab.2.center.1920.58.1080.1920" width="1014" height="572" />
    <size key="GridCell.Tab.2.right.1920.58.1080.1920" width="1014" height="572" />
    <size key="GridCell.Tab.2.bottom.1920.58.1080.1920" width="1014" height="572" />
    <size key="GridCell.Tab.3.left.1920.58.1080.1920" width="1014" height="572" />
    <size key="GridCell.Tab.3.center.1920.58.1080.1920" width="1014" height="572" />
    <size key="GridCell.Tab.3.right.1920.58.1080.1920" width="1014" height="572" />
    <size key="GridCell.Tab.3.bottom.1920.58.1080.1920" width="1014" height="572" />
    <size key="GridCell.Tab.4.left.1920.58.1080.1920" width="1014" height="572" />
    <size key="GridCell.Tab.4.center.1920.58.1080.1920" width="1014" height="572" />
    <size key="GridCell.Tab.4.right.1920.58.1080.1920" width="1014" height="572" />
    <size key="GridCell.Tab.4.bottom.1920.58.1080.1920" width="1014" height="572" />
    <size key="GridCell.Tab.5.left.1920.58.1080.1920" width="1014" height="572" />
    <size key="GridCell.Tab.5.center.1920.58.1080.1920" width="1014" height="572" />
    <size key="GridCell.Tab.5.right.1920.58.1080.1920" width="1014" height="572" />
    <size key="GridCell.Tab.5.bottom.1920.58.1080.1920" width="1014" height="572" />
    <size key="GridCell.Tab.6.left.1920.58.1080.1920" width="1014" height="572" />
    <size key="GridCell.Tab.6.center.1920.58.1080.1920" width="1014" height="572" />
    <size key="GridCell.Tab.6.right.1920.58.1080.1920" width="1014" height="572" />
    <size key="GridCell.Tab.6.bottom.1920.58.1080.1920" width="1014" height="572" />
    <size key="find.popup.1920.58.1080.1920" width="935" height="924" />
    <size key="GridCell.Tab.0.left.0.0.1920.1080" width="1854" height="295" />
    <size key="GridCell.Tab.0.center.0.0.1920.1080" width="1854" height="295" />
    <size key="GridCell.Tab.0.right.0.0.1920.1080" width="1854" height="295" />
    <size key="GridCell.Tab.0.bottom.0.0.1920.1080" width="1854" height="295" />
    <size key="GridCell.Tab.1.left.0.0.1920.1080" width="1854" height="295" />
    <size key="GridCell.Tab.1.center.0.0.1920.1080" width="1854" height="295" />
    <size key="GridCell.Tab.1.right.0.0.1920.1080" width="1854" height="295" />
    <size key="GridCell.Tab.1.bottom.0.0.1920.1080" width="1854" height="295" />
    <size key="GridCell.Tab.2.left.0.0.1920.1080" width="1854" height="295" />
    <size key="GridCell.Tab.2.center.0.0.1920.1080" width="1854" height="295" />
    <size key="GridCell.Tab.2.right.0.0.1920.1080" width="1854" height="295" />
    <size key="GridCell.Tab.2.bottom.0.0.1920.1080" width="1854" height="295" />
    <size key="GridCell.Tab.3.left.0.0.1920.1080" width="1854" height="295" />
    <size key="GridCell.Tab.3.center.0.0.1920.1080" width="1854" height="295" />
    <size key="GridCell.Tab.3.right.0.0.1920.1080" width="1854" height="295" />
    <size key="GridCell.Tab.3.bottom.0.0.1920.1080" width="1854" height="295" />
    <size key="GridCell.Tab.4.left.0.0.1920.1080" width="1854" height="295" />
    <size key="GridCell.Tab.4.center.0.0.1920.1080" width="1854" height="295" />
    <size key="GridCell.Tab.4.right.0.0.1920.1080" width="1854" height="295" />
    <size key="GridCell.Tab.4.bottom.0.0.1920.1080" width="1854" height="295" />
    <size key="GridCell.Tab.5.left.0.0.1920.1080" width="1854" height="295" />
    <size key="GridCell.Tab.5.center.0.0.1920.1080" width="1854" height="295" />
    <size key="GridCell.Tab.5.right.0.0.1920.1080" width="1854" height="295" />
    <size key="GridCell.Tab.5.bottom.0.0.1920.1080" width="1854" height="295" />
    <size key="GridCell.Tab.6.left.0.0.1920.1080" width="1854" height="295" />
    <size key="GridCell.Tab.6.center.0.0.1920.1080" width="1854" height="295" />
    <size key="GridCell.Tab.6.right.0.0.1920.1080" width="1854" height="295" />
    <size key="GridCell.Tab.6.bottom.0.0.1920.1080" width="1854" height="295" />
    <size key="find.popup.0.0.1920.1080" width="1663" height="654" />
  </component>
  <component name="WindowManager">
    <frame x="1913" y="58" width="1094" height="1042" extendedState="6" />
  </component>
  <component name="WindowStateApplicationService">
    <state width="444" height="183" key="ShowUsagesActions.dimensionServiceKey" timestamp="1739860433351">
      <screen x="0" y="0" width="1920" height="1032" />
    </state>
    <state width="421" height="152" key="ShowUsagesActions.dimensionServiceKey.ideScale=90" timestamp="1740041267598">
      <screen x="0" y="0" width="1920" height="1032" />
    </state>
    <state width="421" height="152" key="ShowUsagesActions.dimensionServiceKey.ideScale=90/0.0.1920.1032/1920.58.1080.1872" timestamp="1740041267598" />
    <state width="444" height="183" key="ShowUsagesActions.dimensionServiceKey/0.0.1920.1032/1920.58.1080.1872" timestamp="1739860433351" />
    <state x="960" y="452" width="800" height="650" key="WELCOME_SCREEN" timestamp="1738759144607">
      <screen x="0" y="0" width="1920" height="1032" />
    </state>
    <state x="960" y="452" width="800" height="650" key="WELCOME_SCREEN/0.0.1920.1032/1920.58.1080.1872" timestamp="1738759144607" />
  </component>
</application>