<application>
  <component name="WindowManager">
    <frame x="1913" y="94" width="1094" height="992" extendedState="6" />
  </component>
  <component name="WindowStateApplicationService">
    <state x="960" y="452" width="800" height="650" key="WELCOME_SCREEN" timestamp="1733469836970">
      <screen x="0" y="0" width="1920" height="1032" />
    </state>
    <state x="960" y="452" width="800" height="650" key="WELCOME_SCREEN/0.0.1920.1032/1920.58.1080.1872" timestamp="1733469836970" />
  </component>
</application>