<keymap version="1" name="VSCode copy 1" parent="VSCode">
  <action id="$Redo">
    <keyboard-shortcut first-keystroke="shift ctrl z" />
    <keyboard-shortcut first-keystroke="shift alt back_space" />
    <keyboard-shortcut first-keystroke="ctrl y" />
  </action>
  <action id="AssemblyDiffAction" />
  <action id="Editor Redo">
    <keyboard-shortcut first-keystroke="ctrl y" />
  </action>
  <action id="EditorDuplicate">
    <keyboard-shortcut first-keystroke="ctrl d" />
  </action>
  <action id="RiderNuGetToggleDependenciesExpanderAction" />
  <action id="RiderUnitTestDebugContextTwAction" />
  <action id="RiderUnitTestRunCurrentSessionTwAction" />
  <action id="SelectNextOccurrence" />
</keymap>